{"cameraMode":{"drawMode":0,"name":"Shaded","section":"Shading Mode"},"sceneLighting":false,"audioPlay":false,"sceneViewState":{"m_AlwaysRefresh":false,"showFog":false,"showSkybox":false,"showFlares":false,"showImageEffects":false,"showParticleSystems":false,"showVisualEffectGraphs":true,"m_FxEnabled":true},"in2DMode":false,"pivot":{"x":-0.10094431042671204,"y":1.154913067817688,"z":0.01639455556869507},"rotation":{"x":-0.019209956750273706,"y":-0.9569962620735169,"z":0.28225550055503847,"w":-0.06493555009365082},"size":1.7552050352096558,"orthographic":false}