{"cameraMode":{"drawMode":0,"name":"Shaded","section":"Shading Mode"},"sceneLighting":true,"audioPlay":false,"sceneViewState":{"m_AlwaysRefresh":false,"showFog":true,"showSkybox":true,"showFlares":true,"showImageEffects":true,"showParticleSystems":true,"showVisualEffectGraphs":true,"m_FxEnabled":true},"in2DMode":false,"pivot":{"x":10.194308280944825,"y":-14.436699867248536,"z":-5.523985862731934},"rotation":{"x":-0.6719655394554138,"y":0.0008144421735778451,"z":-0.0008220224408432841,"w":-0.7406544089317322},"size":48.80255889892578,"orthographic":false}