{"cameraMode":{"drawMode":0,"name":"Shaded","section":"Shading Mode"},"sceneLighting":false,"audioPlay":false,"sceneViewState":{"m_AlwaysRefresh":false,"showFog":true,"showSkybox":false,"showFlares":true,"showImageEffects":true,"showParticleSystems":true,"showVisualEffectGraphs":true,"m_FxEnabled":true},"in2DMode":false,"pivot":{"x":-0.01245582103729248,"y":0.7778480648994446,"z":-0.1091148853302002},"rotation":{"x":-0.047667957842350009,"y":-0.9524816870689392,"z":0.21378348767757417,"w":-0.21192292869091035},"size":1.4413156509399415,"orthographic":false}